{"cameraMode":{"drawMode":0,"name":"Shaded","section":"Shading Mode"},"sceneLighting":false,"audioPlay":false,"sceneViewState":{"m_AlwaysRefresh":false,"showFog":true,"showSkybox":false,"showFlares":true,"showImageEffects":true,"showParticleSystems":true,"showVisualEffectGraphs":true,"m_FxEnabled":true},"in2DMode":false,"pivot":{"x":-0.957073450088501,"y":0.4443269371986389,"z":-0.28773075342178347},"rotation":{"x":0.04012899845838547,"y":-0.050341371446847919,"z":-0.002024881076067686,"w":-0.9979338049888611},"size":2.966163158416748,"orthographic":false}