{"cameraMode":{"drawMode":0,"name":"Shaded","section":"Shading Mode"},"sceneLighting":true,"audioPlay":false,"sceneViewState":{"m_AlwaysRefresh":false,"showFog":true,"showSkybox":true,"showFlares":true,"showImageEffects":true,"showParticleSystems":true,"showVisualEffectGraphs":true,"m_FxEnabled":true},"in2DMode":false,"pivot":{"x":-0.025505973026156427,"y":1.4906587600708008,"z":-16.610702514648439},"rotation":{"x":0.14465197920799256,"y":-0.020187893882393838,"z":-0.0029460559599101545,"w":-0.989279568195343},"size":0.35510846972465517,"orthographic":false}