{"cameraMode":{"drawMode":0,"name":"Shaded","section":"Shading Mode"},"sceneLighting":false,"audioPlay":false,"sceneViewState":{"m_AlwaysRefresh":false,"showFog":true,"showSkybox":false,"showFlares":true,"showImageEffects":true,"showParticleSystems":true,"showVisualEffectGraphs":true,"m_FxEnabled":true},"in2DMode":false,"pivot":{"x":0.44652536511421206,"y":0.4122155010700226,"z":-1.3773537874221802},"rotation":{"x":-0.09154455363750458,"y":0.05434019863605499,"z":-0.005002857185900211,"w":-0.994310736656189},"size":0.21745315194129945,"orthographic":false}